<?xml version="1.0" encoding="UTF-8" standalone="no"?>
<package schemaVersion="1.6.3" xmlns:xs="http://www.w3.org/2001/XMLSchema-instance" xs:noNamespaceSchemaLocation="PACK.xsd">
    <vendor>AL94</vendor>
    <name>I-CUBE-USBD-COMPOSITE::FROM_SCRATCH_GENERATED::CUBE_RULES</name>
    <description>Create STM32 USB composite devices with ease.</description>
    <url>https://github.com/alambe94/I-CUBE-USB-Composite/</url>
    <license>C:/Users/lambe/STM32CubeIDE/workspace_1.3.0/I-CUBE-USBD-Composite/LICENSE.txt::I-CUBE-USBD-Composite/LICENSE.txt</license>
    <supportContact>lambealsaad@gmail.com</supportContact>
    <releases>
        <release date="2022-01-15" version="1.0.3">V6 cubeMX</release>
        <release date="2021-12-16" version="1.0.2">V6 cubeMX</release>
        <release date="2021-12-16" tag="BETA" version="1.0.1">6.1.1</release>
        <release date="2020-01-29" version="1.0.0">6.1.1</release>
    </releases>
    <keywords>
        <keyword>CUBE_RULES_COMPLIANT</keyword>
        <keyword>Cortex-M</keyword>
        <keyword>STMicroelectronics</keyword>
        <keyword>IMPLEMENTED_WITH_STM32CUBEMX</keyword>
    </keywords>
    <taxonomy>
        <description Cclass="USB">USB</description>
    </taxonomy>
    <conditions>
        <condition id="STM32_CPU">
            <require Cvendor="STMicroelectronics"/>
        </condition>
        <condition id="USB_CORE">
            <require condition="STM32_CPU"/>
        </condition>
        <condition id="USE_CDC_ACM">
            <require condition="USB_CORE"/>
        </condition>
        <condition id="USE_CDC_RNDIS">
            <require condition="USB_CORE"/>
        </condition>
        <condition id="USE_HID_MOUSE">
            <require condition="USB_CORE"/>
        </condition>
        <condition id="USE_HID_KEYBOARD">
            <require condition="USB_CORE"/>
        </condition>
        <condition id="USE_HID_CUSTOM">
            <require condition="USB_CORE"/>
        </condition>
        <condition id="USE_MSC_BOT">
            <require condition="USB_CORE"/>
        </condition>
        <condition id="USE_UAC_MIC">
            <require condition="USB_CORE"/>
        </condition>
        <condition id="USE_UAC_SPKR">
            <require condition="USB_CORE"/>
        </condition>
        <condition id="USE_UVC">
            <require condition="USB_CORE"/>
        </condition>
        <condition id="USE_DFU">
            <require condition="USB_CORE"/>
        </condition>
        <condition id="USE_PRNTR">
            <require condition="USB_CORE"/>
        </condition>
    </conditions>
    <components>
        <bundle Cbundle="Composite" Cclass="USB" Cversion="1.0.0">
            <description>Composite</description>
            <doc>C:/Users/lambe/STM32CubeIDE/workspace_1.3.0/I-CUBE-USBD-Composite/README.md::I-CUBE-USBD-Composite/README.md</doc>
            <component Cgroup="COMPOSITE" Csub="Core" maxInstances="1">
                <description>Core</description>
                <files>
                    <file category="header" name="C:/Users/lambe/STM32CubeIDE/workspace_1.3.0/I-CUBE-USBD-Composite/stm32_mw_usb_device/Core/Inc/usbd_core.h::Middlewares/Third_Party/COMPOSITE/Core/Inc/usbd_core.h"/>
                    <file category="header" name="C:/Users/lambe/STM32CubeIDE/workspace_1.3.0/I-CUBE-USBD-Composite/stm32_mw_usb_device/Core/Inc/usbd_ctlreq.h::Middlewares/Third_Party/COMPOSITE/Core/Inc/usbd_ctlreq.h"/>
                    <file category="header" name="C:/Users/lambe/STM32CubeIDE/workspace_1.3.0/I-CUBE-USBD-Composite/stm32_mw_usb_device/Core/Inc/usbd_def.h::Middlewares/Third_Party/COMPOSITE/Core/Inc/usbd_def.h"/>
                    <file category="header" name="C:/Users/lambe/STM32CubeIDE/workspace_1.3.0/I-CUBE-USBD-Composite/stm32_mw_usb_device/Core/Inc/usbd_ioreq.h::Middlewares/Third_Party/COMPOSITE/Core/Inc/usbd_ioreq.h"/>
                    <file category="source" name="C:/Users/lambe/STM32CubeIDE/workspace_1.3.0/I-CUBE-USBD-Composite/stm32_mw_usb_device/Core/Src/usbd_core.c::Middlewares/Third_Party/COMPOSITE/Core/Src/usbd_core.c"/>
                    <file category="source" name="C:/Users/lambe/STM32CubeIDE/workspace_1.3.0/I-CUBE-USBD-Composite/stm32_mw_usb_device/Core/Src/usbd_ctlreq.c::Middlewares/Third_Party/COMPOSITE/Core/Src/usbd_ctlreq.c"/>
                    <file category="source" name="C:/Users/lambe/STM32CubeIDE/workspace_1.3.0/I-CUBE-USBD-Composite/stm32_mw_usb_device/Core/Src/usbd_ioreq.c::Middlewares/Third_Party/COMPOSITE/Core/Src/usbd_ioreq.c"/>
                    <file category="source" name="C:/Users/lambe/STM32CubeIDE/workspace_1.3.0/I-CUBE-USBD-Composite/stm32_mw_usb_device/App/usb_device.c::Middlewares/Third_Party/COMPOSITE/App/usb_device.c"/>
                    <file category="header" name="C:/Users/lambe/STM32CubeIDE/workspace_1.3.0/I-CUBE-USBD-Composite/stm32_mw_usb_device/App/usb_device.h::Middlewares/Third_Party/COMPOSITE/App/usb_device.h"/>
                    <file category="source" name="C:/Users/lambe/STM32CubeIDE/workspace_1.3.0/I-CUBE-USBD-Composite/stm32_mw_usb_device/App/usbd_desc.c::Middlewares/Third_Party/COMPOSITE/App/usbd_desc.c"/>
                    <file category="header" name="C:/Users/lambe/STM32CubeIDE/workspace_1.3.0/I-CUBE-USBD-Composite/stm32_mw_usb_device/App/usbd_desc.h::Middlewares/Third_Party/COMPOSITE/App/usbd_desc.h"/>
                    <file category="source" name="C:/Users/lambe/STM32CubeIDE/workspace_1.3.0/I-CUBE-USBD-Composite/stm32_mw_usb_device/Target/usbd_conf.c::Middlewares/Third_Party/COMPOSITE/Target/usbd_conf.c"/>
                    <file category="header" name="C:/Users/lambe/STM32CubeIDE/workspace_1.3.0/I-CUBE-USBD-Composite/stm32_mw_usb_device/Target/usbd_conf.h::Middlewares/Third_Party/COMPOSITE/Target/usbd_conf.h"/>
                </files>
            </component>
            <component Cgroup="COMPOSITE" Csub="CDC_ACM" maxInstances="1">
                <description>USB to serial virtual comport</description>
                <files>
                    <file category="header" name="C:/Users/lambe/STM32CubeIDE/workspace_1.3.0/I-CUBE-USBD-Composite/stm32_mw_usb_device/Class/CDC_ACM/Inc/usbd_cdc_acm.h::Middlewares/Third_Party/COMPOSITE/Class/CDC_ACM/Inc/usbd_cdc_acm.h"/>
                    <file category="source" name="C:/Users/lambe/STM32CubeIDE/workspace_1.3.0/I-CUBE-USBD-Composite/stm32_mw_usb_device/Class/CDC_ACM/Src/usbd_cdc_acm.c::Middlewares/Third_Party/COMPOSITE/Class/CDC_ACM/Src/usbd_cdc_acm.c"/>
                    <file category="source" name="C:/Users/lambe/STM32CubeIDE/workspace_1.3.0/I-CUBE-USBD-Composite/stm32_mw_usb_device/App/usbd_cdc_acm_if.c::Middlewares/Third_Party/COMPOSITE/App/usbd_cdc_acm_if.c"/>
                    <file category="header" name="C:/Users/lambe/STM32CubeIDE/workspace_1.3.0/I-CUBE-USBD-Composite/stm32_mw_usb_device/App/usbd_cdc_acm_if.h::Middlewares/Third_Party/COMPOSITE/App/usbd_cdc_acm_if.h"/>
                </files>
            </component>
            <component Cgroup="COMPOSITE" Csub="CDC_RNDIS" maxInstances="1">
                <description>Ethernet over USB</description>
                <files>
                    <file category="header" name="C:/Users/lambe/STM32CubeIDE/workspace_1.3.0/I-CUBE-USBD-Composite/stm32_mw_usb_device/Class/CDC_RNDIS/Inc/usbd_cdc_rndis.h::Middlewares/Third_Party/COMPOSITE/Class/CDC_RNDIS/Inc/usbd_cdc_rndis.h"/>
                    <file category="source" name="C:/Users/lambe/STM32CubeIDE/workspace_1.3.0/I-CUBE-USBD-Composite/stm32_mw_usb_device/Class/CDC_RNDIS/Src/usbd_cdc_rndis.c::Middlewares/Third_Party/COMPOSITE/Class/CDC_RNDIS/Src/usbd_cdc_rndis.c"/>
                    <file category="source" name="C:/Users/lambe/STM32CubeIDE/workspace_1.3.0/I-CUBE-USBD-Composite/stm32_mw_usb_device/App/usbd_cdc_rndis_if.c::Middlewares/Third_Party/COMPOSITE/App/usbd_cdc_rndis_if.c"/>
                    <file category="header" name="C:/Users/lambe/STM32CubeIDE/workspace_1.3.0/I-CUBE-USBD-Composite/stm32_mw_usb_device/App/usbd_cdc_rndis_if.h::Middlewares/Third_Party/COMPOSITE/App/usbd_cdc_rndis_if.h"/>
                </files>
            </component>
            <component Cgroup="COMPOSITE" Csub="HID_MOUSE" maxInstances="1">
                <description>USB Mouse</description>
                <files>
                    <file category="header" name="C:/Users/lambe/STM32CubeIDE/workspace_1.3.0/I-CUBE-USBD-Composite/stm32_mw_usb_device/Class/HID_MOUSE/Inc/usbd_hid_mouse.h::Middlewares/Third_Party/COMPOSITE/Class/HID_MOUSE/Inc/usbd_hid_mouse.h"/>
                    <file category="source" name="C:/Users/lambe/STM32CubeIDE/workspace_1.3.0/I-CUBE-USBD-Composite/stm32_mw_usb_device/Class/HID_MOUSE/Src/usbd_hid_mouse.c::Middlewares/Third_Party/COMPOSITE/Class/HID_MOUSE/Src/usbd_hid_mouse.c"/>
                </files>
            </component>
            <component Cgroup="COMPOSITE" Csub="HID_KEYBOARD" maxInstances="1">
                <description>USB Keyboard</description>
                <files>
                    <file category="header" name="C:/Users/lambe/STM32CubeIDE/workspace_1.3.0/I-CUBE-USBD-Composite/stm32_mw_usb_device/Class/HID_KEYBOARD/Inc/usbd_hid_keyboard.h::Middlewares/Third_Party/COMPOSITE/Class/HID_KEYBOARD/Inc/usbd_hid_keyboard.h"/>
                    <file category="source" name="C:/Users/lambe/STM32CubeIDE/workspace_1.3.0/I-CUBE-USBD-Composite/stm32_mw_usb_device/Class/HID_KEYBOARD/Src/usbd_hid_keyboard.c::Middlewares/Third_Party/COMPOSITE/Class/HID_KEYBOARD/Src/usbd_hid_keyboard.c"/>
                </files>
            </component>
            <component Cgroup="COMPOSITE" Csub="HID_CUSTOM" maxInstances="1">
                <description>USB HID Custom class</description>
                <files>
                    <file category="source" name="C:/Users/lambe/STM32CubeIDE/workspace_1.3.0/I-CUBE-USBD-Composite/stm32_mw_usb_device/Class/HID_CUSTOM/Src/usbd_hid_custom.c::Middlewares/Third_Party/COMPOSITE/Class/HID_CUSTOM/Src/usbd_hid_custom.c"/>
                    <file category="header" name="C:/Users/lambe/STM32CubeIDE/workspace_1.3.0/I-CUBE-USBD-Composite/stm32_mw_usb_device/Class/HID_CUSTOM/Inc/usbd_hid_custom.h::Middlewares/Third_Party/COMPOSITE/Class/HID_CUSTOM/Inc/usbd_hid_custom.h"/>
                    <file category="source" name="C:/Users/lambe/STM32CubeIDE/workspace_1.3.0/I-CUBE-USBD-Composite/stm32_mw_usb_device/App/usbd_hid_custom_if.c::Middlewares/Third_Party/COMPOSITE/App/usbd_hid_custom_if.c"/>
                    <file category="header" name="C:/Users/lambe/STM32CubeIDE/workspace_1.3.0/I-CUBE-USBD-Composite/stm32_mw_usb_device/App/usbd_hid_custom_if.h::Middlewares/Third_Party/COMPOSITE/App/usbd_hid_custom_if.h"/>
                </files>
            </component>
            <component Cgroup="COMPOSITE" Csub="MSC_BOT" maxInstances="1">
                <description>USB Mass storage class</description>
                <files>
                    <file category="header" name="C:/Users/lambe/STM32CubeIDE/workspace_1.3.0/I-CUBE-USBD-Composite/stm32_mw_usb_device/Class/MSC/Inc/usbd_msc.h::Middlewares/Third_Party/COMPOSITE/Class/MSC/Inc/usbd_msc.h"/>
                    <file category="header" name="C:/Users/lambe/STM32CubeIDE/workspace_1.3.0/I-CUBE-USBD-Composite/stm32_mw_usb_device/Class/MSC/Inc/usbd_msc_bot.h::Middlewares/Third_Party/COMPOSITE/Class/MSC/Inc/usbd_msc_bot.h"/>
                    <file category="header" name="C:/Users/lambe/STM32CubeIDE/workspace_1.3.0/I-CUBE-USBD-Composite/stm32_mw_usb_device/Class/MSC/Inc/usbd_msc_data.h::Middlewares/Third_Party/COMPOSITE/Class/MSC/Inc/usbd_msc_data.h"/>
                    <file category="header" name="C:/Users/lambe/STM32CubeIDE/workspace_1.3.0/I-CUBE-USBD-Composite/stm32_mw_usb_device/Class/MSC/Inc/usbd_msc_scsi.h::Middlewares/Third_Party/COMPOSITE/Class/MSC/Inc/usbd_msc_scsi.h"/>
                    <file category="source" name="C:/Users/lambe/STM32CubeIDE/workspace_1.3.0/I-CUBE-USBD-Composite/stm32_mw_usb_device/Class/MSC/Src/usbd_msc.c::Middlewares/Third_Party/COMPOSITE/Class/MSC/Src/usbd_msc.c"/>
                    <file category="source" name="C:/Users/lambe/STM32CubeIDE/workspace_1.3.0/I-CUBE-USBD-Composite/stm32_mw_usb_device/Class/MSC/Src/usbd_msc_bot.c::Middlewares/Third_Party/COMPOSITE/Class/MSC/Src/usbd_msc_bot.c"/>
                    <file category="source" name="C:/Users/lambe/STM32CubeIDE/workspace_1.3.0/I-CUBE-USBD-Composite/stm32_mw_usb_device/Class/MSC/Src/usbd_msc_data.c::Middlewares/Third_Party/COMPOSITE/Class/MSC/Src/usbd_msc_data.c"/>
                    <file category="source" name="C:/Users/lambe/STM32CubeIDE/workspace_1.3.0/I-CUBE-USBD-Composite/stm32_mw_usb_device/Class/MSC/Src/usbd_msc_scsi.c::Middlewares/Third_Party/COMPOSITE/Class/MSC/Src/usbd_msc_scsi.c"/>
                    <file category="source" name="C:/Users/lambe/STM32CubeIDE/workspace_1.3.0/I-CUBE-USBD-Composite/stm32_mw_usb_device/App/usbd_msc_if.c::Middlewares/Third_Party/COMPOSITE/App/usbd_msc_if.c"/>
                    <file category="header" name="C:/Users/lambe/STM32CubeIDE/workspace_1.3.0/I-CUBE-USBD-Composite/stm32_mw_usb_device/App/usbd_msc_if.h::Middlewares/Third_Party/COMPOSITE/App/usbd_msc_if.h"/>
                </files>
            </component>
            <component Cgroup="COMPOSITE" Csub="UAC_MIC" maxInstances="1">
                <description>USB Microphone</description>
                <files>
                    <file category="header" name="C:/Users/lambe/STM32CubeIDE/workspace_1.3.0/I-CUBE-USBD-Composite/stm32_mw_usb_device/Class/AUDIO_MIC/Inc/usbd_audio_mic.h::Middlewares/Third_Party/COMPOSITE/Class/AUDIO_MIC/Inc/usbd_audio_mic.h"/>
                    <file category="source" name="C:/Users/lambe/STM32CubeIDE/workspace_1.3.0/I-CUBE-USBD-Composite/stm32_mw_usb_device/Class/AUDIO_MIC/Src/usbd_audio_mic.c::Middlewares/Third_Party/COMPOSITE/Class/AUDIO_MIC/Src/usbd_audio_mic.c"/>
                    <file category="source" name="C:/Users/lambe/STM32CubeIDE/workspace_1.3.0/I-CUBE-USBD-Composite/stm32_mw_usb_device/App/usbd_audio_mic_if.c::Middlewares/Third_Party/COMPOSITE/App/usbd_audio_mic_if.c"/>
                    <file category="header" name="C:/Users/lambe/STM32CubeIDE/workspace_1.3.0/I-CUBE-USBD-Composite/stm32_mw_usb_device/App/usbd_audio_mic_if.h::Middlewares/Third_Party/COMPOSITE/App/usbd_audio_mic_if.h"/>
                    <file category="header" name="C:/Users/lambe/STM32CubeIDE/workspace_1.3.0/I-CUBE-USBD-Composite/stm32_mw_usb_device/Class/AUDIO_COMMON/usbd_audio.h::Middlewares/Third_Party/COMPOSITE/Class/AUDIO_COMMON/usbd_audio.h"/>
                </files>
            </component>
            <component Cgroup="COMPOSITE" Csub="UAC_SPKR" maxInstances="1">
                <description>USB Speaker</description>
                <files>
                    <file category="header" name="C:/Users/lambe/STM32CubeIDE/workspace_1.3.0/I-CUBE-USBD-Composite/stm32_mw_usb_device/Class/AUDIO_SPKR/Inc/usbd_audio_spkr.h::Middlewares/Third_Party/COMPOSITE/Class/AUDIO_SPKR/Inc/usbd_audio_spkr.h"/>
                    <file category="source" name="C:/Users/lambe/STM32CubeIDE/workspace_1.3.0/I-CUBE-USBD-Composite/stm32_mw_usb_device/Class/AUDIO_SPKR/Src/usbd_audio_spkr.c::Middlewares/Third_Party/COMPOSITE/Class/AUDIO_SPKR/Src/usbd_audio_spkr.c"/>
                    <file category="source" name="C:/Users/lambe/STM32CubeIDE/workspace_1.3.0/I-CUBE-USBD-Composite/stm32_mw_usb_device/App/usbd_audio_spkr_if.c::Middlewares/Third_Party/COMPOSITE/App/usbd_audio_spkr_if.c"/>
                    <file category="header" name="C:/Users/lambe/STM32CubeIDE/workspace_1.3.0/I-CUBE-USBD-Composite/stm32_mw_usb_device/App/usbd_audio_spkr_if.h::Middlewares/Third_Party/COMPOSITE/App/usbd_audio_spkr_if.h"/>
                    <file category="header" name="C:/Users/lambe/STM32CubeIDE/workspace_1.3.0/I-CUBE-USBD-Composite/stm32_mw_usb_device/Class/AUDIO_COMMON/usbd_audio.h::Middlewares/Third_Party/COMPOSITE/Class/AUDIO_COMMON/usbd_audio.h"/>
                </files>
            </component>
            <component Cgroup="COMPOSITE" Csub="UVC" maxInstances="1">
                <description>USB Video class</description>
                <files>
                    <file category="header" name="C:/Users/lambe/STM32CubeIDE/workspace_1.3.0/I-CUBE-USBD-Composite/stm32_mw_usb_device/Class/VIDEO/Inc/usbd_video.h::Middlewares/Third_Party/COMPOSITE/Class/VIDEO/Inc/usbd_video.h"/>
                    <file category="source" name="C:/Users/lambe/STM32CubeIDE/workspace_1.3.0/I-CUBE-USBD-Composite/stm32_mw_usb_device/Class/VIDEO/Src/usbd_video.c::Middlewares/Third_Party/COMPOSITE/Class/VIDEO/Src/usbd_video.c"/>
                    <file category="source" name="C:/Users/lambe/STM32CubeIDE/workspace_1.3.0/I-CUBE-USBD-Composite/stm32_mw_usb_device/App/usbd_video_if.c::Middlewares/Third_Party/COMPOSITE/App/usbd_video_if.c"/>
                    <file category="header" name="C:/Users/lambe/STM32CubeIDE/workspace_1.3.0/I-CUBE-USBD-Composite/stm32_mw_usb_device/App/usbd_video_if.h::Middlewares/Third_Party/COMPOSITE/App/usbd_video_if.h"/>
                </files>
            </component>
            <component Cgroup="COMPOSITE" Csub="DFU" maxInstances="1">
                <description>USB DFU Bottloader</description>
                <files>
                    <file category="source" name="C:/Users/lambe/STM32CubeIDE/workspace_1.3.0/I-CUBE-USBD-Composite/stm32_mw_usb_device/Class/DFU/Src/usbd_dfu.c::Middlewares/Third_Party/COMPOSITE/Class/DFU/Src/usbd_dfu.c"/>
                    <file category="header" name="C:/Users/lambe/STM32CubeIDE/workspace_1.3.0/I-CUBE-USBD-Composite/stm32_mw_usb_device/Class/DFU/Inc/usbd_dfu.h::Middlewares/Third_Party/COMPOSITE/Class/DFU/Inc/usbd_dfu.h"/>
                    <file category="source" name="C:/Users/lambe/STM32CubeIDE/workspace_1.3.0/I-CUBE-USBD-Composite/stm32_mw_usb_device/App/usbd_dfu_if.c::Middlewares/Third_Party/COMPOSITE/App/usbd_dfu_if.c"/>
                    <file category="header" name="C:/Users/lambe/STM32CubeIDE/workspace_1.3.0/I-CUBE-USBD-Composite/stm32_mw_usb_device/App/usbd_dfu_if.h::Middlewares/Third_Party/COMPOSITE/App/usbd_dfu_if.h"/>
                </files>
            </component>
            <component Cgroup="COMPOSITE" Csub="CDC_ECM" maxInstances="1">
                <description>Ethernet over USB NCM</description>
                <files>
                    <file category="source" name="C:/Users/lambe/STM32CubeIDE/workspace_1.3.0/I-CUBE-USBD-Composite/stm32_mw_usb_device/Class/CDC_ECM/Src/usbd_cdc_ecm.c::Middlewares/Third_Party/COMPOSITE/Class/CDC_ECM/Src/usbd_cdc_ecm.c"/>
                    <file category="header" name="C:/Users/lambe/STM32CubeIDE/workspace_1.3.0/I-CUBE-USBD-Composite/stm32_mw_usb_device/Class/CDC_ECM/Inc/usbd_cdc_ecm.h::Middlewares/Third_Party/COMPOSITE/Class/CDC_ECM/Inc/usbd_cdc_ecm.h"/>
                    <file category="source" name="C:/Users/lambe/STM32CubeIDE/workspace_1.3.0/I-CUBE-USBD-Composite/stm32_mw_usb_device/App/usbd_cdc_ecm_if.c::Middlewares/Third_Party/COMPOSITE/App/usbd_cdc_ecm_if.c"/>
                    <file category="header" name="C:/Users/lambe/STM32CubeIDE/workspace_1.3.0/I-CUBE-USBD-Composite/stm32_mw_usb_device/App/usbd_cdc_ecm_if.h::Middlewares/Third_Party/COMPOSITE/App/usbd_cdc_ecm_if.h"/>
                </files>
            </component>
            <component Cgroup="COMPOSITE" Csub="COMPOSITE" maxInstances="1">
                <description>Combination of classes</description>
                <files>
                    <file category="header" name="C:/Users/lambe/STM32CubeIDE/workspace_1.3.0/I-CUBE-USBD-Composite/stm32_mw_usb_device/Class/COMPOSITE/Inc/usbd_composite.h::Middlewares/Third_Party/COMPOSITE/Class/COMPOSITE/Inc/usbd_composite.h"/>
                    <file category="source" name="C:/Users/lambe/STM32CubeIDE/workspace_1.3.0/I-CUBE-USBD-Composite/stm32_mw_usb_device/Class/COMPOSITE/Src/usbd_composite.c::Middlewares/Third_Party/COMPOSITE/Class/COMPOSITE/Src/usbd_composite.c"/>
                </files>
            </component>
            <component Cgroup="COMPOSITE" Csub="PRINTER" maxInstances="1">
                <description>USB Printer class</description>
                <files>
                    <file category="header" name="C:/Users/lambe/STM32CubeIDE/workspace_1.3.0/I-CUBE-USBD-Composite/stm32_mw_usb_device/Class/PRINTER/Inc/usbd_printer.h::Middlewares/Third_Party/COMPOSITE/Class/PRINTER/Inc/usbd_printer.h"/>
                    <file category="source" name="C:/Users/lambe/STM32CubeIDE/workspace_1.3.0/I-CUBE-USBD-Composite/stm32_mw_usb_device/Class/PRINTER/Src/usbd_printer.c::Middlewares/Third_Party/COMPOSITE/Class/PRINTER/Src/usbd_printer.c"/>
                    <file category="source" name="C:/Users/lambe/STM32CubeIDE/workspace_1.3.0/I-CUBE-USBD-Composite/stm32_mw_usb_device/App/usbd_printer_if.c::Middlewares/Third_Party/COMPOSITE/App/usbd_printer_if.c"/>
                    <file category="header" name="C:/Users/lambe/STM32CubeIDE/workspace_1.3.0/I-CUBE-USBD-Composite/stm32_mw_usb_device/App/usbd_printer_if.h::Middlewares/Third_Party/COMPOSITE/App/usbd_printer_if.h"/>
                </files>
            </component>
        </bundle>
    </components>
</package>
