<?xml version="1.0" encoding="UTF-8" standalone="no"?>
<IP xmlns="http://mcd.rou.st.com/modules.php?name=mcu" xmlns:ns0="http://www.w3.org/2001/XMLSchema-instance" DBVersion="V4.0" Name="I-CUBE-USBD-COMPOSITE" RootFolder="Packs/AL94/I-CUBE-USBD-COMPOSITE/1.0.3/" Version="1.0.3" ns0:schemaLocation="http://mcd.rou.st.com/modules.php?name=mcu ../../../../../../../doc/V4/Development/Specifications/db/thirdPartyDb.xsd">
    <RefConfig Name="USBJjComposite">
        <Component Name="CompositeCcUSB:COMPOSITE:Core:$CompositeCcUSBJjCOMPOSITEJjCore"/>
        <Component Name="CompositeCcUSB:COMPOSITE:CDCIiACM:$CompositeCcUSBJjCOMPOSITEJjCDCIiACM"/>
        <Component Name="CompositeCcUSB:COMPOSITE:CDCIiRNDIS:$CompositeCcUSBJjCOMPOSITEJjCDCIiRNDIS"/>
        <Component Name="CompositeCcUSB:COMPOSITE:HIDIiMOUSE:$CompositeCcUSBJjCOMPOSITEJjHIDIiMOUSE"/>
        <Component Name="CompositeCcUSB:COMPOSITE:HIDIiKEYBOARD:$CompositeCcUSBJjCOMPOSITEJjHIDIiKEYBOARD"/>
        <Component Name="CompositeCcUSB:COMPOSITE:HIDIiCUSTOM:$CompositeCcUSBJjCOMPOSITEJjHIDIiCUSTOM"/>
        <Component Name="CompositeCcUSB:COMPOSITE:MSCIiBOT:$CompositeCcUSBJjCOMPOSITEJjMSCIiBOT"/>
        <Component Name="CompositeCcUSB:COMPOSITE:UACIiMIC:$CompositeCcUSBJjCOMPOSITEJjUACIiMIC"/>
        <Component Name="CompositeCcUSB:COMPOSITE:UACIiSPKR:$CompositeCcUSBJjCOMPOSITEJjUACIiSPKR"/>
        <Component Name="CompositeCcUSB:COMPOSITE:UVC:$CompositeCcUSBJjCOMPOSITEJjUVC"/>
        <Component Name="CompositeCcUSB:COMPOSITE:DFU:$CompositeCcUSBJjCOMPOSITEJjDFU"/>
        <Component Name="CompositeCcUSB:COMPOSITE:CDCIiECM:$CompositeCcUSBJjCOMPOSITEJjCDCIiECM"/>
        <Component Name="CompositeCcUSB:COMPOSITE:COMPOSITE:$CompositeCcUSBJjCOMPOSITEJjCOMPOSITE"/>
        <Component Name="CompositeCcUSB:COMPOSITE:PRINTER:$CompositeCcUSBJjCOMPOSITEJjPRINTER"/>
        <ConfigFile Name="USBJjComposite_conf"/>
    </RefConfig>
    <RefConfigFile Added="true" Name="USBJjComposite_conf" Template="default_conf.ftl">
        <File Category="header" Condition="all" Name="./AL94.I-CUBE-USBD-COMPOSITE_conf.h"/>
        <Argument AddressOf="false" Comment="_USBD_USE_HS" GenericType="simple" Name="_USBD_USE_HS" OptimizationCondition="equal"/>
        <Argument AddressOf="false" Comment="_USBD_USE_CDC_ACM" GenericType="simple" Name="_USBD_USE_CDC_ACM" OptimizationCondition="equal"/>
        <Argument AddressOf="false" Comment="_USBD_CDC_ACM_COUNT" GenericType="simple" Name="_USBD_CDC_ACM_COUNT" OptimizationCondition="equal"/>
        <Argument AddressOf="false" Comment="_USBD_USE_CDC_RNDIS" GenericType="simple" Name="_USBD_USE_CDC_RNDIS" OptimizationCondition="equal"/>
        <Argument AddressOf="false" Comment="_USBD_USE_CDC_ECM" GenericType="simple" Name="_USBD_USE_CDC_ECM" OptimizationCondition="equal"/>
        <Argument AddressOf="false" Comment="_USBD_USE_HID_MOUSE" GenericType="simple" Name="_USBD_USE_HID_MOUSE" OptimizationCondition="equal"/>
        <Argument AddressOf="false" Comment="_USBD_USE_HID_KEYBOARD" GenericType="simple" Name="_USBD_USE_HID_KEYBOARD" OptimizationCondition="equal"/>
        <Argument AddressOf="false" Comment="_USBD_USE_HID_CUSTOM" GenericType="simple" Name="_USBD_USE_HID_CUSTOM" OptimizationCondition="equal"/>
        <Argument AddressOf="false" Comment="_USBD_USE_UAC_MIC" GenericType="simple" Name="_USBD_USE_UAC_MIC" OptimizationCondition="equal"/>
        <Argument AddressOf="false" Comment="_USBD_USE_UAC_SPKR" GenericType="simple" Name="_USBD_USE_UAC_SPKR" OptimizationCondition="equal"/>
        <Argument AddressOf="false" Comment="_USBD_USE_UVC" GenericType="simple" Name="_USBD_USE_UVC" OptimizationCondition="equal"/>
        <Argument AddressOf="false" Comment="_USBD_USE_MSC" GenericType="simple" Name="_USBD_USE_MSC" OptimizationCondition="equal"/>
        <Argument AddressOf="false" Comment="_USBD_USE_DFU" GenericType="simple" Name="_USBD_USE_DFU" OptimizationCondition="equal"/>
        <Argument AddressOf="false" Comment="_USBD_USE_PRNTR" GenericType="simple" Name="_USBD_USE_PRNTR" OptimizationCondition="equal"/>
        <Argument AddressOf="false" Comment="_STM32F1_DEVICE" GenericType="simple" Name="_STM32F1_DEVICE" OptimizationCondition="equal"/>
    </RefConfigFile>
    <RefComponent Cclass="CompositeCcUSB" Cgroup="COMPOSITE" Cversion="1Gg0Gg0">
        <SubComponent Csub="Core" Cvariant="true" Cversion="1Gg0Gg0">
            <File Category="header" Condition="" Name="Middlewares/Third_Party/COMPOSITE/Core/Inc/usbd_core.h"/>
            <File Category="header" Condition="" Name="Middlewares/Third_Party/COMPOSITE/Core/Inc/usbd_ctlreq.h"/>
            <File Category="header" Condition="" Name="Middlewares/Third_Party/COMPOSITE/Core/Inc/usbd_def.h"/>
            <File Category="header" Condition="" Name="Middlewares/Third_Party/COMPOSITE/Core/Inc/usbd_ioreq.h"/>
            <File Category="source" Condition="" Name="Middlewares/Third_Party/COMPOSITE/Core/Src/usbd_core.c"/>
            <File Category="source" Condition="" Name="Middlewares/Third_Party/COMPOSITE/Core/Src/usbd_ctlreq.c"/>
            <File Category="source" Condition="" Name="Middlewares/Third_Party/COMPOSITE/Core/Src/usbd_ioreq.c"/>
            <File Category="source" Condition="" Name="Middlewares/Third_Party/COMPOSITE/App/usb_device.c"/>
            <File Category="header" Condition="" Name="Middlewares/Third_Party/COMPOSITE/App/usb_device.h"/>
            <File Category="source" Condition="" Name="Middlewares/Third_Party/COMPOSITE/App/usbd_desc.c"/>
            <File Category="header" Condition="" Name="Middlewares/Third_Party/COMPOSITE/App/usbd_desc.h"/>
            <File Category="source" Condition="" Name="Middlewares/Third_Party/COMPOSITE/Target/usbd_conf.c"/>
            <File Category="header" Condition="" Name="Middlewares/Third_Party/COMPOSITE/Target/usbd_conf.h"/>
        </SubComponent>
        <SubComponent Csub="CDCIiACM" Cvariant="true" Cversion="1Gg0Gg0">
            <File Category="header" Condition="" Name="Middlewares/Third_Party/COMPOSITE/Class/CDC_ACM/Inc/usbd_cdc_acm.h"/>
            <File Category="source" Condition="" Name="Middlewares/Third_Party/COMPOSITE/Class/CDC_ACM/Src/usbd_cdc_acm.c"/>
            <File Category="source" Condition="" Name="Middlewares/Third_Party/COMPOSITE/App/usbd_cdc_acm_if.c"/>
            <File Category="header" Condition="" Name="Middlewares/Third_Party/COMPOSITE/App/usbd_cdc_acm_if.h"/>
        </SubComponent>
        <SubComponent Csub="CDCIiRNDIS" Cvariant="true" Cversion="1Gg0Gg0">
            <File Category="header" Condition="" Name="Middlewares/Third_Party/COMPOSITE/Class/CDC_RNDIS/Inc/usbd_cdc_rndis.h"/>
            <File Category="source" Condition="" Name="Middlewares/Third_Party/COMPOSITE/Class/CDC_RNDIS/Src/usbd_cdc_rndis.c"/>
            <File Category="source" Condition="" Name="Middlewares/Third_Party/COMPOSITE/App/usbd_cdc_rndis_if.c"/>
            <File Category="header" Condition="" Name="Middlewares/Third_Party/COMPOSITE/App/usbd_cdc_rndis_if.h"/>
        </SubComponent>
        <SubComponent Csub="HIDIiMOUSE" Cvariant="true" Cversion="1Gg0Gg0">
            <File Category="header" Condition="" Name="Middlewares/Third_Party/COMPOSITE/Class/HID_MOUSE/Inc/usbd_hid_mouse.h"/>
            <File Category="source" Condition="" Name="Middlewares/Third_Party/COMPOSITE/Class/HID_MOUSE/Src/usbd_hid_mouse.c"/>
        </SubComponent>
        <SubComponent Csub="HIDIiKEYBOARD" Cvariant="true" Cversion="1Gg0Gg0">
            <File Category="header" Condition="" Name="Middlewares/Third_Party/COMPOSITE/Class/HID_KEYBOARD/Inc/usbd_hid_keyboard.h"/>
            <File Category="source" Condition="" Name="Middlewares/Third_Party/COMPOSITE/Class/HID_KEYBOARD/Src/usbd_hid_keyboard.c"/>
        </SubComponent>
        <SubComponent Csub="HIDIiCUSTOM" Cvariant="true" Cversion="1Gg0Gg0">
            <File Category="source" Condition="" Name="Middlewares/Third_Party/COMPOSITE/Class/HID_CUSTOM/Src/usbd_hid_custom.c"/>
            <File Category="header" Condition="" Name="Middlewares/Third_Party/COMPOSITE/Class/HID_CUSTOM/Inc/usbd_hid_custom.h"/>
            <File Category="source" Condition="" Name="Middlewares/Third_Party/COMPOSITE/App/usbd_hid_custom_if.c"/>
            <File Category="header" Condition="" Name="Middlewares/Third_Party/COMPOSITE/App/usbd_hid_custom_if.h"/>
        </SubComponent>
        <SubComponent Csub="MSCIiBOT" Cvariant="true" Cversion="1Gg0Gg0">
            <File Category="header" Condition="" Name="Middlewares/Third_Party/COMPOSITE/Class/MSC/Inc/usbd_msc.h"/>
            <File Category="header" Condition="" Name="Middlewares/Third_Party/COMPOSITE/Class/MSC/Inc/usbd_msc_bot.h"/>
            <File Category="header" Condition="" Name="Middlewares/Third_Party/COMPOSITE/Class/MSC/Inc/usbd_msc_data.h"/>
            <File Category="header" Condition="" Name="Middlewares/Third_Party/COMPOSITE/Class/MSC/Inc/usbd_msc_scsi.h"/>
            <File Category="source" Condition="" Name="Middlewares/Third_Party/COMPOSITE/Class/MSC/Src/usbd_msc.c"/>
            <File Category="source" Condition="" Name="Middlewares/Third_Party/COMPOSITE/Class/MSC/Src/usbd_msc_bot.c"/>
            <File Category="source" Condition="" Name="Middlewares/Third_Party/COMPOSITE/Class/MSC/Src/usbd_msc_data.c"/>
            <File Category="source" Condition="" Name="Middlewares/Third_Party/COMPOSITE/Class/MSC/Src/usbd_msc_scsi.c"/>
            <File Category="source" Condition="" Name="Middlewares/Third_Party/COMPOSITE/App/usbd_msc_if.c"/>
            <File Category="header" Condition="" Name="Middlewares/Third_Party/COMPOSITE/App/usbd_msc_if.h"/>
        </SubComponent>
        <SubComponent Csub="UACIiMIC" Cvariant="true" Cversion="1Gg0Gg0">
            <File Category="header" Condition="" Name="Middlewares/Third_Party/COMPOSITE/Class/AUDIO_MIC/Inc/usbd_audio_mic.h"/>
            <File Category="source" Condition="" Name="Middlewares/Third_Party/COMPOSITE/Class/AUDIO_MIC/Src/usbd_audio_mic.c"/>
            <File Category="source" Condition="" Name="Middlewares/Third_Party/COMPOSITE/App/usbd_audio_mic_if.c"/>
            <File Category="header" Condition="" Name="Middlewares/Third_Party/COMPOSITE/App/usbd_audio_mic_if.h"/>
            <File Category="header" Condition="" Name="Middlewares/Third_Party/COMPOSITE/Class/AUDIO_COMMON/usbd_audio.h"/>
        </SubComponent>
        <SubComponent Csub="UACIiSPKR" Cvariant="true" Cversion="1Gg0Gg0">
            <File Category="header" Condition="" Name="Middlewares/Third_Party/COMPOSITE/Class/AUDIO_SPKR/Inc/usbd_audio_spkr.h"/>
            <File Category="source" Condition="" Name="Middlewares/Third_Party/COMPOSITE/Class/AUDIO_SPKR/Src/usbd_audio_spkr.c"/>
            <File Category="source" Condition="" Name="Middlewares/Third_Party/COMPOSITE/App/usbd_audio_spkr_if.c"/>
            <File Category="header" Condition="" Name="Middlewares/Third_Party/COMPOSITE/App/usbd_audio_spkr_if.h"/>
            <File Category="header" Condition="" Name="Middlewares/Third_Party/COMPOSITE/Class/AUDIO_COMMON/usbd_audio.h"/>
        </SubComponent>
        <SubComponent Csub="UVC" Cvariant="true" Cversion="1Gg0Gg0">
            <File Category="header" Condition="" Name="Middlewares/Third_Party/COMPOSITE/Class/VIDEO/Inc/usbd_video.h"/>
            <File Category="source" Condition="" Name="Middlewares/Third_Party/COMPOSITE/Class/VIDEO/Src/usbd_video.c"/>
            <File Category="source" Condition="" Name="Middlewares/Third_Party/COMPOSITE/App/usbd_video_if.c"/>
            <File Category="header" Condition="" Name="Middlewares/Third_Party/COMPOSITE/App/usbd_video_if.h"/>
        </SubComponent>
        <SubComponent Csub="DFU" Cvariant="true" Cversion="1Gg0Gg0">
            <File Category="source" Condition="" Name="Middlewares/Third_Party/COMPOSITE/Class/DFU/Src/usbd_dfu.c"/>
            <File Category="header" Condition="" Name="Middlewares/Third_Party/COMPOSITE/Class/DFU/Inc/usbd_dfu.h"/>
            <File Category="source" Condition="" Name="Middlewares/Third_Party/COMPOSITE/App/usbd_dfu_if.c"/>
            <File Category="header" Condition="" Name="Middlewares/Third_Party/COMPOSITE/App/usbd_dfu_if.h"/>
        </SubComponent>
        <SubComponent Csub="CDCIiECM" Cvariant="true" Cversion="1Gg0Gg0">
            <File Category="source" Condition="" Name="Middlewares/Third_Party/COMPOSITE/Class/CDC_ECM/Src/usbd_cdc_ecm.c"/>
            <File Category="header" Condition="" Name="Middlewares/Third_Party/COMPOSITE/Class/CDC_ECM/Inc/usbd_cdc_ecm.h"/>
            <File Category="source" Condition="" Name="Middlewares/Third_Party/COMPOSITE/App/usbd_cdc_ecm_if.c"/>
            <File Category="header" Condition="" Name="Middlewares/Third_Party/COMPOSITE/App/usbd_cdc_ecm_if.h"/>
        </SubComponent>
        <SubComponent Csub="COMPOSITE" Cvariant="true" Cversion="1Gg0Gg0">
            <File Category="header" Condition="" Name="Middlewares/Third_Party/COMPOSITE/Class/COMPOSITE/Inc/usbd_composite.h"/>
            <File Category="source" Condition="" Name="Middlewares/Third_Party/COMPOSITE/Class/COMPOSITE/Src/usbd_composite.c"/>
        </SubComponent>
        <SubComponent Csub="PRINTER" Cvariant="true" Cversion="1Gg0Gg0">
            <File Category="header" Condition="" Name="Middlewares/Third_Party/COMPOSITE/Class/PRINTER/Inc/usbd_printer.h"/>
            <File Category="source" Condition="" Name="Middlewares/Third_Party/COMPOSITE/Class/PRINTER/Src/usbd_printer.c"/>
            <File Category="source" Condition="" Name="Middlewares/Third_Party/COMPOSITE/App/usbd_printer_if.c"/>
            <File Category="header" Condition="" Name="Middlewares/Third_Party/COMPOSITE/App/usbd_printer_if.h"/>
        </SubComponent>
    </RefComponent>
</IP>
