<?xml version="1.0" encoding="UTF-8" standalone="no"?>
<IP xmlns="http://mcd.rou.st.com/modules.php?name=mcu" DBVersion="V4.0" IPType="Thirdparty" IpGroup="Additional Software" Name="AL94.I-CUBE-USBD-COMPOSITE" Version="1.0.3" xmlns:ns0="http://www.w3.org/2001/XMLSchema-instance" ns0:schemaLocation="http://mcd.rou.st.com/modules.php?name=mcu ../../../../../../../doc/V4/Development/Specifications/db/IP_Modes.xsd">
    <!--Generated by CubeMX-->
    <RefMode Abstract="true" Name="USBJjComposite">
        <ConfigForMode>USBJjComposite</ConfigForMode>
        <Parameter Name="CompositeCcUSBJjCOMPOSITEJjCore"/>
        <Parameter Name="CompositeCcUSBJjCOMPOSITEJjCDCIiACM"/>
        <Parameter Name="CompositeCcUSBJjCOMPOSITEJjCDCIiRNDIS"/>
        <Parameter Name="CompositeCcUSBJjCOMPOSITEJjHIDIiMOUSE"/>
        <Parameter Name="CompositeCcUSBJjCOMPOSITEJjHIDIiKEYBOARD"/>
        <Parameter Name="CompositeCcUSBJjCOMPOSITEJjHIDIiCUSTOM"/>
        <Parameter Name="CompositeCcUSBJjCOMPOSITEJjMSCIiBOT"/>
        <Parameter Name="CompositeCcUSBJjCOMPOSITEJjUACIiMIC"/>
        <Parameter Name="CompositeCcUSBJjCOMPOSITEJjUACIiSPKR"/>
        <Parameter Name="CompositeCcUSBJjCOMPOSITEJjUVC"/>
        <Parameter Name="CompositeCcUSBJjCOMPOSITEJjDFU"/>
        <Parameter Name="CompositeCcUSBJjCOMPOSITEJjCDCIiECM"/>
        <Parameter Name="CompositeCcUSBJjCOMPOSITEJjCOMPOSITE"/>
        <Parameter Name="CompositeCcUSBJjCOMPOSITEJjPRINTER"/>
        <Parameter Added="true" Name="_USBD_USE_HS"/>
        <Parameter Added="true" Name="_USBD_USE_CDC_ACM"/>
        <Parameter Added="true" Name="_USBD_CDC_ACM_COUNT"/>
        <Parameter Added="true" Name="_USBD_USE_CDC_RNDIS"/>
        <Parameter Added="true" Name="_USBD_USE_CDC_ECM"/>
        <Parameter Added="true" Name="_USBD_USE_HID_MOUSE"/>
        <Parameter Added="true" Name="_USBD_USE_HID_KEYBOARD"/>
        <Parameter Added="true" Name="_USBD_USE_HID_CUSTOM"/>
        <Parameter Added="true" Name="_USBD_USE_UAC_MIC"/>
        <Parameter Added="true" Name="_USBD_USE_UAC_SPKR"/>
        <Parameter Added="true" Name="_USBD_USE_UVC"/>
        <Parameter Added="true" Name="_USBD_USE_MSC"/>
        <Parameter Added="true" Name="_USBD_USE_DFU"/>
        <Parameter Added="true" Name="_USBD_USE_PRNTR"/>
        <Parameter Added="true" Name="_STM32F1_DEVICE"/>
    </RefMode>
    <ModeLogicOperator Name="OR">
        <Mode Name="USBJjComposite">
            <ModeLogicOperator Name="OR">
                <Mode Name="USBJjComposite">
                    <SignalLogicalOp Name="AND">
                        <Signal Name="VS_USBJjComposite_1.0.0_1.0.3"/>
                    </SignalLogicalOp>
                </Mode>
            </ModeLogicOperator>
        </Mode>
    </ModeLogicOperator>
    <RefSignal Name="VS_USBJjComposite_1.0.0_1.0.3" Virtual="true"/>
    <RefParameter Comment="Core" DefaultValue="false" Group="Software component selection" Name="CompositeCcUSBJjCOMPOSITEJjCore" TabName="USBJjComposite" Type="boolean" Visible="false">
        <PossibleValue Comment="ENABLE" Semaphore="SEMCompositeCcUSBJjCOMPOSITEJjCore" Value="true"/>
        <PossibleValue Comment="DISABLE" Value="false"/>
    </RefParameter>
    <RefParameter Comment="USB to serial virtual comport" DefaultValue="false" Group="Software component selection" Name="CompositeCcUSBJjCOMPOSITEJjCDCIiACM" TabName="USBJjComposite" Type="boolean" Visible="false">
        <PossibleValue Comment="ENABLE" Semaphore="SEMCompositeCcUSBJjCOMPOSITEJjCDCIiACM" Value="true"/>
        <PossibleValue Comment="DISABLE" Value="false"/>
    </RefParameter>
    <RefParameter Comment="Ethernet over USB" DefaultValue="false" Group="Software component selection" Name="CompositeCcUSBJjCOMPOSITEJjCDCIiRNDIS" TabName="USBJjComposite" Type="boolean" Visible="false">
        <PossibleValue Comment="ENABLE" Semaphore="SEMCompositeCcUSBJjCOMPOSITEJjCDCIiRNDIS" Value="true"/>
        <PossibleValue Comment="DISABLE" Value="false"/>
    </RefParameter>
    <RefParameter Comment="USB Mouse" DefaultValue="false" Group="Software component selection" Name="CompositeCcUSBJjCOMPOSITEJjHIDIiMOUSE" TabName="USBJjComposite" Type="boolean" Visible="false">
        <PossibleValue Comment="ENABLE" Semaphore="SEMCompositeCcUSBJjCOMPOSITEJjHIDIiMOUSE" Value="true"/>
        <PossibleValue Comment="DISABLE" Value="false"/>
    </RefParameter>
    <RefParameter Comment="USB Keyboard" DefaultValue="false" Group="Software component selection" Name="CompositeCcUSBJjCOMPOSITEJjHIDIiKEYBOARD" TabName="USBJjComposite" Type="boolean" Visible="false">
        <PossibleValue Comment="ENABLE" Semaphore="SEMCompositeCcUSBJjCOMPOSITEJjHIDIiKEYBOARD" Value="true"/>
        <PossibleValue Comment="DISABLE" Value="false"/>
    </RefParameter>
    <RefParameter Comment="USB HID Custom class" DefaultValue="false" Group="Software component selection" Name="CompositeCcUSBJjCOMPOSITEJjHIDIiCUSTOM" TabName="USBJjComposite" Type="boolean" Visible="false">
        <PossibleValue Comment="ENABLE" Semaphore="SEMCompositeCcUSBJjCOMPOSITEJjHIDIiCUSTOM" Value="true"/>
        <PossibleValue Comment="DISABLE" Value="false"/>
    </RefParameter>
    <RefParameter Comment="USB Mass storage class" DefaultValue="false" Group="Software component selection" Name="CompositeCcUSBJjCOMPOSITEJjMSCIiBOT" TabName="USBJjComposite" Type="boolean" Visible="false">
        <PossibleValue Comment="ENABLE" Semaphore="SEMCompositeCcUSBJjCOMPOSITEJjMSCIiBOT" Value="true"/>
        <PossibleValue Comment="DISABLE" Value="false"/>
    </RefParameter>
    <RefParameter Comment="USB Microphone" DefaultValue="false" Group="Software component selection" Name="CompositeCcUSBJjCOMPOSITEJjUACIiMIC" TabName="USBJjComposite" Type="boolean" Visible="false">
        <PossibleValue Comment="ENABLE" Semaphore="SEMCompositeCcUSBJjCOMPOSITEJjUACIiMIC" Value="true"/>
        <PossibleValue Comment="DISABLE" Value="false"/>
    </RefParameter>
    <RefParameter Comment="USB Speaker" DefaultValue="false" Group="Software component selection" Name="CompositeCcUSBJjCOMPOSITEJjUACIiSPKR" TabName="USBJjComposite" Type="boolean" Visible="false">
        <PossibleValue Comment="ENABLE" Semaphore="SEMCompositeCcUSBJjCOMPOSITEJjUACIiSPKR" Value="true"/>
        <PossibleValue Comment="DISABLE" Value="false"/>
    </RefParameter>
    <RefParameter Comment="USB Video class" DefaultValue="false" Group="Software component selection" Name="CompositeCcUSBJjCOMPOSITEJjUVC" TabName="USBJjComposite" Type="boolean" Visible="false">
        <PossibleValue Comment="ENABLE" Semaphore="SEMCompositeCcUSBJjCOMPOSITEJjUVC" Value="true"/>
        <PossibleValue Comment="DISABLE" Value="false"/>
    </RefParameter>
    <RefParameter Comment="USB DFU Bottloader" DefaultValue="false" Group="Software component selection" Name="CompositeCcUSBJjCOMPOSITEJjDFU" TabName="USBJjComposite" Type="boolean" Visible="false">
        <PossibleValue Comment="ENABLE" Semaphore="SEMCompositeCcUSBJjCOMPOSITEJjDFU" Value="true"/>
        <PossibleValue Comment="DISABLE" Value="false"/>
    </RefParameter>
    <RefParameter Comment="Ethernet over USB NCM" DefaultValue="false" Group="Software component selection" Name="CompositeCcUSBJjCOMPOSITEJjCDCIiECM" TabName="USBJjComposite" Type="boolean" Visible="false">
        <PossibleValue Comment="ENABLE" Semaphore="SEMCompositeCcUSBJjCOMPOSITEJjCDCIiECM" Value="true"/>
        <PossibleValue Comment="DISABLE" Value="false"/>
    </RefParameter>
    <RefParameter Comment="Combination of classes" DefaultValue="false" Group="Software component selection" Name="CompositeCcUSBJjCOMPOSITEJjCOMPOSITE" TabName="USBJjComposite" Type="boolean" Visible="false">
        <PossibleValue Comment="ENABLE" Semaphore="SEMCompositeCcUSBJjCOMPOSITEJjCOMPOSITE" Value="true"/>
        <PossibleValue Comment="DISABLE" Value="false"/>
    </RefParameter>
    <RefParameter Comment="USB Printer class" DefaultValue="false" Group="Software component selection" Name="CompositeCcUSBJjCOMPOSITEJjPRINTER" TabName="USBJjComposite" Type="boolean" Visible="false">
        <PossibleValue Comment="ENABLE" Semaphore="SEMCompositeCcUSBJjCOMPOSITEJjPRINTER" Value="true"/>
        <PossibleValue Comment="DISABLE" Value="false"/>
    </RefParameter>
    <RefParameter Comment="Condition Ii Use Ii Cdc Ii Rndis" DefaultValue="true" Name="CONDITIONIiUSEIiCDCIiRNDIS" Type="boolean" Visible="false"/>
    <RefParameter Comment="Condition Ii Use Ii Prntr" DefaultValue="true" Name="CONDITIONIiUSEIiPRNTR" Type="boolean" Visible="false"/>
    <RefParameter Comment="Condition Ii Use Ii Hid Ii Keyboard" DefaultValue="true" Name="CONDITIONIiUSEIiHIDIiKEYBOARD" Type="boolean" Visible="false"/>
    <RefParameter Comment="Condition Ii Use Ii Uac Ii Spkr" DefaultValue="true" Name="CONDITIONIiUSEIiUACIiSPKR" Type="boolean" Visible="false"/>
    <RefParameter Comment="Condition Ii Use Ii Uvc" DefaultValue="true" Name="CONDITIONIiUSEIiUVC" Type="boolean" Visible="false"/>
    <RefParameter Comment="Condition Ii Use Ii Hid Ii Mouse" DefaultValue="true" Name="CONDITIONIiUSEIiHIDIiMOUSE" Type="boolean" Visible="false"/>
    <RefParameter Comment="Condition Ii Use Ii Cdc Ii Acm" DefaultValue="true" Name="CONDITIONIiUSEIiCDCIiACM" Type="boolean" Visible="false"/>
    <RefParameter Comment="Condition Ii Stm32 Ii Cpu" DefaultValue="true" Name="CONDITIONIiSTM32IiCPU" Type="boolean" Visible="false"/>
    <RefParameter Comment="Condition Ii Use Ii Msc Ii Bot" DefaultValue="true" Name="CONDITIONIiUSEIiMSCIiBOT" Type="boolean" Visible="false"/>
    <RefParameter Comment="Condition Ii Use Ii Hid Ii Custom" DefaultValue="true" Name="CONDITIONIiUSEIiHIDIiCUSTOM" Type="boolean" Visible="false"/>
    <RefParameter Comment="Condition Ii Use Ii Dfu" DefaultValue="true" Name="CONDITIONIiUSEIiDFU" Type="boolean" Visible="false"/>
    <RefParameter Comment="Condition Ii Usb Ii Core" DefaultValue="true" Name="CONDITIONIiUSBIiCORE" Type="boolean" Visible="false"/>
    <RefParameter Comment="Condition Ii Use Ii Uac Ii Mic" DefaultValue="true" Name="CONDITIONIiUSEIiUACIiMIC" Type="boolean" Visible="false"/>
    <RefParameter Added="true" Comment="USBD_USE_DFU" DefaultValue="false" Group="Basic Parameters" Name="_USBD_USE_DFU" TabName="Parameter Settings" Type="boolean">
        <PossibleValue Comment="true" Value="true"/>
        <PossibleValue Comment="false" Value="false"/>
    </RefParameter>
    <RefParameter Added="true" Comment="USBD_USE_HID_KEYBOARD" DefaultValue="false" Group="Basic Parameters" Name="_USBD_USE_HID_KEYBOARD" TabName="Parameter Settings" Type="boolean">
        <PossibleValue Comment="true" Value="true"/>
        <PossibleValue Comment="false" Value="false"/>
    </RefParameter>
    <RefParameter Added="true" Comment="USBD_USE_HS" DefaultValue="false" Group="Basic Parameters" Name="_USBD_USE_HS" TabName="Parameter Settings" Type="boolean">
        <Description>For high speed USB.</Description>
        <PossibleValue Comment="true" Value="true"/>
        <PossibleValue Comment="false" Value="false"/>
    </RefParameter>
    <RefParameter Added="true" Comment="USBD_USE_UVC" DefaultValue="false" Group="Basic Parameters" Name="_USBD_USE_UVC" TabName="Parameter Settings" Type="boolean">
        <PossibleValue Comment="true" Value="true"/>
        <PossibleValue Comment="false" Value="false"/>
    </RefParameter>
    <RefParameter Added="true" Comment="USBD_USE_CDC_ECM" DefaultValue="false" Group="Basic Parameters" Name="_USBD_USE_CDC_ECM" TabName="Parameter Settings" Type="boolean">
        <PossibleValue Comment="true" Value="true"/>
        <PossibleValue Comment="false" Value="false"/>
    </RefParameter>
    <RefParameter Added="true" Comment="USBD_USE_CDC_RNDIS" DefaultValue="false" Group="Basic Parameters" Name="_USBD_USE_CDC_RNDIS" TabName="Parameter Settings" Type="boolean">
        <PossibleValue Comment="true" Value="true"/>
        <PossibleValue Comment="false" Value="false"/>
    </RefParameter>
    <RefParameter Added="true" Comment="USBD_USE_HID_CUSTOM" DefaultValue="false" Group="Basic Parameters" Name="_USBD_USE_HID_CUSTOM" TabName="Parameter Settings" Type="boolean">
        <PossibleValue Comment="true" Value="true"/>
        <PossibleValue Comment="false" Value="false"/>
    </RefParameter>
    <RefParameter Added="true" Comment="USBD_USE_UAC_SPKR" DefaultValue="false" Group="Basic Parameters" Name="_USBD_USE_UAC_SPKR" TabName="Parameter Settings" Type="boolean">
        <PossibleValue Comment="true" Value="true"/>
        <PossibleValue Comment="false" Value="false"/>
    </RefParameter>
    <RefParameter Added="true" Comment="USBD_USE_PRNTR" DefaultValue="false" Group="Basic Parameters" Name="_USBD_USE_PRNTR" TabName="Parameter Settings" Type="boolean">
        <PossibleValue Comment="true" Value="true"/>
        <PossibleValue Comment="false" Value="false"/>
    </RefParameter>
    <RefParameter Added="true" Comment="USBD_USE_HID_MOUSE" DefaultValue="false" Group="Basic Parameters" Name="_USBD_USE_HID_MOUSE" TabName="Parameter Settings" Type="boolean">
        <PossibleValue Comment="true" Value="true"/>
        <PossibleValue Comment="false" Value="false"/>
    </RefParameter>
    <RefParameter Added="true" Comment="STM32F1_DEVICE" DefaultValue="false" Group="Basic Parameters" Name="_STM32F1_DEVICE" TabName="Parameter Settings" Type="boolean">
        <Description>If device is STM32F1 or similar.
HAL_PCDEx_PMAConfig() is used by driver.
For H7 HAL_PCDEx_SetTxFiFo() is use.</Description>
        <PossibleValue Comment="true" Value="true"/>
        <PossibleValue Comment="false" Value="false"/>
    </RefParameter>
    <RefParameter Added="true" Comment="USBD_USE_UAC_MIC" DefaultValue="false" Group="Basic Parameters" Name="_USBD_USE_UAC_MIC" TabName="Parameter Settings" Type="boolean">
        <PossibleValue Comment="true" Value="true"/>
        <PossibleValue Comment="false" Value="false"/>
    </RefParameter>
    <RefParameter Added="true" Comment="USBD_CDC_ACM_COUNT" DefaultValue="1" Group="Basic Parameters" Max="4" Min="0" Name="_USBD_CDC_ACM_COUNT" TabName="Parameter Settings" Type="integer" Unit="">
        <Description>Upto 4 Virtual comm port is tested. Limited by number of IN end points available. Each instance takes 2 IN &amp; 1 OUT end ponit. If one IN enponit (command) is ignored we can enumrate 8 virtual comm ports.</Description>
    </RefParameter>
    <RefParameter Added="true" Comment="USBD_USE_CDC_ACM" DefaultValue="false" Group="Basic Parameters" Name="_USBD_USE_CDC_ACM" TabName="Parameter Settings" Type="boolean">
        <Description>Enable Virtual Comm Port.</Description>
        <PossibleValue Comment="true" Value="true"/>
        <PossibleValue Comment="false" Value="false"/>
    </RefParameter>
    <RefParameter Added="true" Comment="USBD_USE_MSC" DefaultValue="false" Group="Basic Parameters" Name="_USBD_USE_MSC" TabName="Parameter Settings" Type="boolean">
        <PossibleValue Comment="true" Value="true"/>
        <PossibleValue Comment="false" Value="false"/>
    </RefParameter>
</IP>
